Mean Response - x, Mean Response - y, Inner Corridor - x, Inner Corridor - y, Outer Corridor - x, Outer Corridor - y
1.118079356476824548e+00, 1.991140611230626689e+00, 6.781559332064843737e-01, 1.513010744037565303e+00, 6.781559332064843737e-01, 1.513010744037565303e+00
1.419495150873781197e+00, 2.334258568970558390e+00, 6.863559905885610046e-01, 1.501767619499297268e+00, 6.335937253642864864e-01, 1.584758922654550650e+00
1.567374613261357075e+00, 2.529953854964011040e+00, 6.948264134516199952e-01, 1.490729422211787281e+00, 5.972122727252878738e-01, 1.660989509372231998e+00
1.684613614823373240e+00, 2.692973639043345191e+00, 7.034352638345678921e-01, 1.479796147975019460e+00, 5.689724921240539857e-01, 1.740592097087612089e+00
1.779201361513607083e+00, 2.842326069556836199e+00, 7.121687553739386445e-01, 1.468963629979283869e+00, 5.489343344299069116e-01, 1.822651317643232405e+00
1.868042033808634761e+00, 2.975567902534504316e+00, 7.213451888463766615e-01, 1.458507565491413027e+00, 5.367429226608646520e-01, 1.906234444298877451e+00
1.954704855347922487e+00, 3.096554073016470898e+00, 7.307420087626539384e-01, 1.448243620542544186e+00, 5.329390354389348383e-01, 1.990623636577461664e+00
2.035923913213405712e+00, 3.210942320000738537e+00, 7.401388286789311044e-01, 1.437979675593675344e+00, 5.368239808915143962e-01, 2.075001729168653331e+00
2.103258260462647744e+00, 3.327133941984817600e+00, 7.498731683944126480e-01, 1.428039811808763382e+00, 5.489009727907467884e-01, 2.158585402160413835e+00
2.173984853414122842e+00, 3.434113877927501335e+00, 7.597514337240760529e-01, 1.418238349441895529e+00, 5.687799060866260970e-01, 2.240674044497271034e+00
2.244424603539790564e+00, 3.535583853514962183e+00, 7.696296990537394578e-01, 1.408436887075027899e+00, 5.969471471582019628e-01, 2.320287796061728969e+00
2.312241243373568178e+00, 3.633721138156827291e+00, 7.801625628603514606e-01, 1.399343128710453854e+00, 6.331397450223951173e-01, 2.396584442075930355e+00
2.367486456245955662e+00, 3.736854007147288659e+00, 7.906872613810645989e-01, 1.390239336473956477e+00, 6.777885374515166816e-01, 2.468256999496391657e+00
2.429926016814373479e+00, 3.831100198789124889e+00, 8.014287493008132035e-01, 1.381401994925290477e+00, 7.304774747547819747e-01, 2.534237841161115945e+00
2.491674680860156421e+00, 3.922510081840888674e+00, 8.124674329591490274e-01, 1.372928727931766568e+00, 7.914178530031897862e-01, 2.592695812880618789e+00
2.551836844997756870e+00, 4.011942424292901599e+00, 8.235069412271271982e-01, 1.364456612299510541e+00, 8.600347345021145395e-01, 2.641832538942912922e+00
2.599921597064369205e+00, 4.107391166825527407e+00, 8.350827410868929546e-01, 1.356733293837929510e+00, 9.352459216231038264e-01, 2.680124528653813343e+00
2.657102107056639628e+00, 4.193980584464191530e+00, 8.465270634132846528e-01, 1.348816780946524574e+00, 1.015778056543425789e+00, 2.705465216317940680e+00
2.713042190741297599e+00, 4.279293368052441870e+00, 8.582796844717951457e-01, 1.341377069347666762e+00, 1.099466564382848732e+00, 2.716224443068463223e+00
2.767934293841326276e+00, 4.363311071887385317e+00, 8.701940321595388328e-01, 1.334186999137445762e+00, 1.165396768453628606e+00, 2.762021748071960658e+00
2.814079033903643445e+00, 4.451352995963623549e+00, 8.823257181305038666e-01, 1.327391553770013832e+00, 1.228223722879148161e+00, 2.818284241620842234e+00
2.864342545024161968e+00, 4.535111824451387719e+00, 8.947710555360801621e-01, 1.321165610683724401e+00, 1.301976987584453349e+00, 2.859169406097711530e+00
2.915884946233906039e+00, 4.616397279156010391e+00, 9.072373019908115399e-01, 1.314983777054134606e+00, 1.365891624526142101e+00, 2.912449977079607955e+00
2.966636849799733966e+00, 4.696711942828080133e+00, 9.198071105695734273e-01, 1.309013123593613104e+00, 1.432515988754965441e+00, 2.963947449504384490e+00
3.013218693733662690e+00, 4.778300923055064153e+00, 9.324215862198285132e-01, 1.303146056266129227e+00, 1.495113918853153256e+00, 3.018782864795657161e+00
3.056302330897012975e+00, 4.861165688904756088e+00, 9.453916911992612526e-01, 1.298103718784876293e+00, 1.559008409974471432e+00, 3.073639924012925739e+00
3.104243840612675331e+00, 4.939717303554137295e+00, 9.583742577560672160e-01, 1.293096979827305315e+00, 1.613526007506326465e+00, 3.136467712178414580e+00
3.151508738865514303e+00, 5.017527652117532710e+00, 9.716574786467796487e-01, 1.288949108901047413e+00, 1.675062958190123075e+00, 3.193576674623419986e+00
3.198237148914098160e+00, 5.094504844312282898e+00, 9.848837160778656230e-01, 1.284706371265007974e+00, 1.730454335110501063e+00, 3.256814523288290353e+00
3.234887917314293926e+00, 5.177141442207575217e+00, 9.890933707815841025e-01, 1.275233000368812597e+00, 1.794565427274629643e+00, 3.311129178688069441e+00
3.279785260068290853e+00, 5.253645204123707835e+00, 9.774297419013185939e-01, 1.267729697898753560e+00, 1.850458859936431555e+00, 3.374143577982816389e+00
3.324224197469318298e+00, 5.329487541332578182e+00, 9.652457429766199137e-01, 1.261006680670210045e+00, 1.908788489031451041e+00, 3.434554130455276244e+00
3.368168657638082042e+00, 5.404680992621972990e+00, 9.546480770484854217e-01, 1.252492879099296408e+00, 1.964497777376489562e+00, 3.496373928058223779e+00
3.408708534734385509e+00, 5.481035711999361126e+00, 9.465043049502245287e-01, 1.241208918515177784e+00, 2.014522453299475657e+00, 3.563870866325316467e+00
3.445775753561130639e+00, 5.559140044486183818e+00, 9.361832633230501299e-01, 1.232042399425518520e+00, 2.067755000104647412e+00, 3.628920950270238865e+00
3.485670743355627987e+00, 5.634998288093133745e+00, 9.255682541184226952e-01, 1.223066982240852640e+00, 2.125202711306695580e+00, 3.689694332395224929e+00
3.524784056587803693e+00, 5.710334214245519568e+00, 9.153434141326758366e-01, 1.213627626451487362e+00, 2.179715099023816993e+00, 3.753726831707527190e+00
3.565754582816256235e+00, 5.783296240056928106e+00, 9.051185741469287560e-01, 1.204188270662122306e+00, 2.232021782056568426e+00, 3.819446615822943869e+00
3.605927865035696289e+00, 5.855838192940045595e+00, 8.946644926523399377e-01, 1.195020005086398163e+00, 2.274762283172084398e+00, 3.891054026167427349e+00
3.640775342269028325e+00, 5.931063329687687791e+00, 8.838285289351404117e-01, 1.186288986773974097e+00, 2.329479764604938996e+00, 3.955083767341386558e+00
3.678277297277277924e+00, 6.004738287078066783e+00, 8.731281301942505069e-01, 1.177396239417561441e+00, 2.381949490600282715e+00, 4.020065141083502880e+00
3.714711481929169334e+00, 6.078659756757967436e+00, 8.626386905299128216e-01, 1.168251817840415319e+00, 2.430364014853324761e+00, 4.088825909263785974e+00
3.752381887626195844e+00, 6.151008614547095910e+00, 8.521558103866075928e-01, 1.159099934035278334e+00, 2.479598810108640361e+00, 4.157239374211762595e+00
3.788802357942014254e+00, 6.223182930453110551e+00, 8.422057590622870071e-01, 1.149376265461134361e+00, 2.522469972753378809e+00, 4.229593840190827514e+00
3.823316764245793475e+00, 6.296053580502674940e+00, 8.323523450385149625e-01, 1.139549820400560076e+00, 2.571975137034785419e+00, 4.297769323454134316e+00
3.859853795659509590e+00, 6.367534003683675614e+00, 8.225096648588720027e-01, 1.129712727773007908e+00, 2.621122053620469128e+00, 4.366300607671147027e+00
3.893820415781240829e+00, 6.440408050705822340e+00, 8.127077057753919753e-01, 1.119838268193444675e+00, 2.668647015491638186e+00, 4.435821925261461907e+00
3.927256846517801936e+00, 6.513327573119656044e+00, 8.023415877145165798e-01, 1.110554282691498473e+00, 2.715185524330328892e+00, 4.505957895754601594e+00
3.963386078628008846e+00, 6.583675474154123464e+00, 7.922224201601643090e-01, 1.101010041470850132e+00, 2.755355404019992349e+00, 4.580069768287798659e+00
3.994651507324529671e+00, 6.656086684757418936e+00, 7.824077218422184066e-01, 1.091144926804508808e+00, 2.799566300258203189e+00, 4.651352514413325423e+00
4.029048264447166794e+00, 6.726688211607921630e+00, 7.725836735830463597e-01, 1.081289718002191425e+00, 2.846375671398059914e+00, 4.721321340883517514e+00
4.063541840795724447e+00, 6.796840350026896793e+00, 7.618798089430188769e-01, 1.072401450692096470e+00, 2.891989824109657103e+00, 4.792223892485046655e+00
4.095153223199493375e+00, 6.868647944819262108e+00, 7.510677658660801503e-01, 1.063640827714546599e+00, 2.936455554270547719e+00, 4.863726885246841825e+00
4.125927029676996760e+00, 6.940742283378281918e+00, 7.404211509291569460e-01, 1.054690925397830492e+00, 2.979834419916713717e+00, 4.935570102798215508e+00
4.158803315645504206e+00, 7.010713671954903248e+00, 7.302918937046699588e-01, 1.045149073453237598e+00, 3.023003266874789929e+00, 5.006662401305274734e+00
4.189294520136976452e+00, 7.081542027295505193e+00, 7.197725876067122552e-01, 1.036047526729134471e+00, 3.062366009115566001e+00, 5.080667687232973684e+00
4.221034518684726677e+00, 7.151514682491952435e+00, 7.090401454581256591e-01, 1.027189678193952682e+00, 3.106256415546545302e+00, 5.152599459716095787e+00
4.253581403709980613e+00, 7.220721853757784636e+00, 6.982867033463365791e-01, 1.018357222521787842e+00, 3.147211111306519538e+00, 5.226364447042333161e+00
4.283211488934681732e+00, 7.291588613598233515e+00, 6.876171680385435581e-01, 1.009428795910473964e+00, 3.182313405990480959e+00, 5.302511428011424499e+00
4.312230386547772021e+00, 7.362528887753435392e+00, 6.774856839359637561e-01, 9.998901031299106679e-01, 3.225101693926338164e+00, 5.375274065739431784e+00
4.343695854505373433e+00, 7.431493744410772706e+00, 6.674782607510055810e-01, 9.902205492803519693e-01, 3.263841934835424841e+00, 5.450059784105032001e+00
4.371863393862507330e+00, 7.501676375534279906e+00, 6.575575788648930775e-01, 9.804628747709399628e-01, 3.305450104163413894e+00, 5.523241956769938454e+00
4.401794881975453322e+00, 7.570838402300194225e+00, 6.477313553237464827e-01, 9.706092398390090414e-01, 3.343409411993743419e+00, 5.598358404978408309e+00
4.432404722315586021e+00, 7.639364822091835094e+00, 6.377422826969654235e-01, 9.609274194947851067e-01, 3.380584722574992096e+00, 5.673951691526441188e+00
4.461252558879777119e+00, 7.708722734574268820e+00, 6.276619499848552497e-01, 9.513365769380510706e-01, 3.415972674127470743e+00, 5.750346525329093517e+00
4.487338294424248808e+00, 7.767723359826878671e+00, 6.176653505172871039e-01, 9.416558337053559935e-01, 3.452298239572709981e+00, 5.826588543780599316e+00
4.512543493753562451e+00, 7.812666553939259906e+00, 6.077181154378039629e-01, 9.319270000400150522e-01, 3.490822197845858454e+00, 5.901268768843286772e+00
4.544423208045422768e+00, 7.876621459984519902e+00, 5.984249870603925991e-01, 9.215724987287634562e-01, 3.529863381735085959e+00, 5.976038742491235567e+00
4.574910274139881494e+00, 7.938759030839656283e+00, 5.894564640534586397e-01, 9.109322738473781822e-01, 3.567978145798676781e+00, 6.050980507564765354e+00
4.608394686054005263e+00, 7.999133406061868179e+00, 5.805584204288521954e-01, 9.002356057738618578e-01, 3.601669075677688792e+00, 6.128150937003391086e+00
4.641902801544081747e+00, 8.059091204812197873e+00, 5.721349740402856821e-01, 8.891588579934304182e-01, 3.635498485273029878e+00, 6.205540512051245905e+00
4.675261212934583632e+00, 8.118754152146495429e+00, 5.636689286878366900e-01, 8.781147054683012820e-01, 3.672009379443231580e+00, 6.281710365270847696e+00
4.707897947070338596e+00, 8.178357049219256325e+00, 5.551797629530772493e-01, 8.670882438608706888e-01, 3.707660205053859848e+00, 6.357994123901840489e+00
4.734045877278441949e+00, 8.224317602014513895e+00, 5.465427934356137385e-01, 8.561772497425597095e-01, 3.743155308665001790e+00, 6.434606966156277252e+00
4.742491987315042401e+00, 8.219428779118560513e+00, 5.379178065393224184e-01, 8.452570685465199407e-01, 3.779811563841457556e+00, 6.510712078434893968e+00
4.747375301422505522e+00, 8.193655673822837215e+00, 5.295528101208777372e-01, 8.341361142092446057e-01, 3.812134670864217867e+00, 6.588554115180079940e+00
4.749561277068320209e+00, 8.159620524915380813e+00, 5.215361855421111192e-01, 8.227634624307667011e-01, 3.842716842108785169e+00, 6.667153220722127571e+00
4.738912941777985388e+00, 8.105082016432097802e+00, 5.136050200913946373e-01, 8.113290667298248549e-01, 3.876415422488512341e+00, 6.744536331686221686e+00
4.720848831924141287e+00, 8.038040546376564066e+00, 5.056292495185117364e-01, 7.999258247336115124e-01, 3.912220108834303378e+00, 6.821067206228548230e+00
4.700726827332566415e+00, 7.967629065446513614e+00, 4.975361169306496967e-01, 7.886061878640593381e-01, 3.945055758098554577e+00, 6.898672670561956544e+00
4.680675611165452388e+00, 7.897471860357275553e+00, 4.893243270019131397e-01, 7.773716297232754480e-01, 3.977972522866382921e+00, 6.976462179751054649e+00
4.660695863095551950e+00, 7.827569007404349577e+00, 4.811503467929837408e-01, 7.661101916336162665e-01, 4.009396169597120085e+00, 7.054861365052591538e+00
4.640835644707387964e+00, 7.758337933421839416e+00, 4.732101077433109593e-01, 7.546824602889226075e-01, 4.038647252677005639e+00, 7.134108759064172745e+00
4.621872498654313155e+00, 7.696856570882071757e+00, 4.650647524163179503e-01, 7.433996425092463944e-01, 4.071616890808284595e+00, 7.211896453969880660e+00
4.605008725002799785e+00, 7.654632295919992835e+00, 4.569193970893250523e-01, 7.321168247295702924e-01, 4.104994178202468369e+00, 7.289330067499855126e+00
4.585070396753870625e+00, 7.585788653667703052e+00, 4.485552718315024556e-01, 7.209969084651784987e-01, 4.135622456850028605e+00, 7.367915167687709044e+00
4.565077647266527983e+00, 7.517961462846592724e+00, 4.403231049920535156e-01, 7.097779905174342874e-01, 4.167320795952580426e+00, 7.446227213315670390e+00
4.546031542190971386e+00, 7.464087519387344827e+00, 4.321334867232409782e-01, 6.985272597383478388e-01, 4.197387300856310510e+00, 7.525140825885643814e+00
4.526570849935605878e+00, 7.406639286911834041e+00, 4.238861343295534656e-01, 6.873199942037319099e-01, 4.225610343327867113e+00, 7.604752733059569003e+00
4.506210751677854454e+00, 7.339051700817826429e+00, 4.153833132000806505e-01, 6.763041588285282346e-01, 4.256329262244322287e+00, 7.683472572565551495e+00
4.485910793017857223e+00, 7.271667418168071606e+00, 4.069111032034581354e-01, 6.652646639023332975e-01, 4.287325035500775705e+00, 7.762082840586579380e+00
4.465660013180527521e+00, 7.204452490357835082e+00, 3.984388932068355649e-01, 6.542251689761384714e-01, 4.318772434825123518e+00, 7.840469141130397723e+00
4.445455565764671491e+00, 7.137396917085226278e+00, 3.899761313295421195e-01, 6.431787899614775927e-01, 4.349595117130115263e+00, 7.919018250793140368e+00
4.425861675007037199e+00, 7.075261423705522468e+00, 3.814592306503037933e-01, 6.321737368824441594e-01, 4.377944257789891047e+00, 7.998575541215057427e+00
4.408174986110417137e+00, 7.027040378798655063e+00, 3.729423299710654671e-01, 6.211686838034106151e-01, 4.403915505293465316e+00, 8.078980130081944822e+00
4.389468326855499924e+00, 6.974171439842197451e+00, 3.644262662102692452e-01, 6.101631064615532507e-01, 4.430645898765186885e+00, 8.159132232996425316e+00
4.369010509536778386e+00, 6.908052160923074503e+00, 3.561001587970897275e-01, 5.990130066504958384e-01, 4.464094770853667349e+00, 8.236664127282386616e+00
4.348592736954937088e+00, 6.842067039477806922e+00, 3.477740513839100434e-01, 5.878629068394382040e-01, 4.500719201283965631e+00, 8.312808346460512254e+00
4.328561356652778969e+00, 6.780743129097719368e+00, 3.394408008333776872e-01, 5.767182248314880466e-01, 4.538767574919316594e+00, 8.388204526732028654e+00
4.308567219115686520e+00, 6.722113695133678846e+00, 3.309355224454071931e-01, 5.657041985590086641e-01, 4.575911255348160012e+00, 8.464102936921364062e+00
4.288462278903050873e+00, 6.664234248469860233e+00, 3.224180079332802928e-01, 5.546996205576466554e-01, 4.615432507030511111e+00, 8.538786290569566617e+00
4.267752043019649832e+00, 6.599013916566157434e+00, 3.139004934211534481e-01, 5.436950425562846467e-01, 4.652685174105130272e+00, 8.614555467194955796e+00
4.247144285502117533e+00, 6.533850568040331375e+00, 3.058057573274291507e-01, 5.323774170850686938e-01, 4.696458061273408369e+00, 8.686654106100286654e+00
4.226436679323323453e+00, 6.468909405611554142e+00, 2.978005674234627254e-01, 5.209947246483087602e-01, 4.760155709190872386e+00, 8.700675690144892727e+00
4.205778330130983456e+00, 6.405082834346849552e+00, 2.897960915607092902e-01, 5.096115284093365450e-01, 4.796715018559769561e+00, 8.625547027633574615e+00
4.189233190748910651e+00, 6.375463336229202582e+00, 2.816649963569085036e-01, 4.983193704961099146e-01, 4.817623204931636316e+00, 8.543745845198392530e+00
4.168806289504881413e+00, 6.315674807342738895e+00, 2.735285177176730032e-01, 4.870308428080878937e-01, 4.829453842641669326e+00, 8.460102808583577882e+00
4.147815533376644659e+00, 6.251390367932589065e+00, 2.654898339853004607e-01, 4.756717779564708648e-01, 4.838939878883842027e+00, 8.376147841199392374e+00
4.126848285650212667e+00, 6.187181944047247306e+00, 2.575353789930571180e-01, 4.642552190966772740e-01, 4.843446693619782195e+00, 8.291771554740304140e+00
4.106208176913415109e+00, 6.126815712432215122e+00, 2.498949410282974848e-01, 4.526246020631977673e-01, 4.844386014308905253e+00, 8.207278073647193750e+00
4.085622895186947545e+00, 6.069259660506932441e+00, 2.423481351224988367e-01, 4.409329592756099925e-01, 4.842061620450888171e+00, 8.122812929793330028e+00
4.064935994849427026e+00, 6.013502642988991731e+00, 2.348013292167001886e-01, 4.292413164880221621e-01, 4.835716678233420218e+00, 8.038561201180977278e+00
4.043997290812334278e+00, 5.951939489117481052e+00, 2.270289004445188719e-01, 4.176999926825212817e-01, 4.825111158494507890e+00, 7.954738944874963913e+00
4.023436427842134400e+00, 5.891821037188339716e+00, 2.192510918404466935e-01, 4.061610105016114081e-01, 4.810690843614536583e+00, 7.871523001736160374e+00
4.003212797404797740e+00, 5.832783200717873484e+00, 2.115148347249488636e-01, 3.945938537076856267e-01, 4.785776775573086894e+00, 7.790821337812080749e+00
3.985444124089366102e+00, 5.789070800623995261e+00, 2.038498406252937656e-01, 3.829804791266967490e-01, 4.748337147187010387e+00, 7.715112334382284054e+00
3.970442667281513849e+00, 5.764762613955164205e+00, 1.963244806886350613e-01, 3.712766848961247534e-01, 4.718455956510875460e+00, 7.636431878174580135e+00
3.952267254934207497e+00, 5.711981318919868045e+00, 1.885690370150688022e-01, 3.597223833647255620e-01, 4.691050602800227232e+00, 7.556591179580313344e+00
3.934296382303501982e+00, 5.659686349433990848e+00, 1.808135933415025709e-01, 3.481680818333263705e-01, 4.666512079805568369e+00, 7.475787109792679352e+00
3.916917711833455495e+00, 5.608951814373106970e+00, 1.728452870331885494e-01, 3.367607248474793202e-01, 4.644598473498720459e+00, 7.394255999461853079e+00
3.899655454105134922e+00, 5.558753021099220426e+00, 1.653525485392471350e-01, 3.250357972967977682e-01, 4.623170884455441332e+00, 7.312570480032801079e+00
3.882614953580844741e+00, 5.509467670438738196e+00, 1.579012084601723043e-01, 3.132830818029926911e-01, 4.599978352543398152e+00, 7.231396442535650948e+00
3.865740943993470236e+00, 5.460570543097492902e+00, 1.504423301257340195e-01, 3.015351657770973248e-01, 4.570507240178165453e+00, 7.152277165437659789e+00
3.849553883250893094e+00, 5.418712251211657893e+00, 1.426798829912944433e-01, 2.899886333722561105e-01, 4.537337841299973640e+00, 7.074612383566799778e+00
3.833630230208250556e+00, 5.379119074255936717e+00, 1.347335519200472120e-01, 2.785647718115366045e-01, 4.513093578977291465e+00, 6.993839710713629643e+00
3.817647424377430099e+00, 5.337874231273079140e+00, 1.267872208487999530e-01, 2.671409102508170985e-01, 4.486870310717046451e+00, 6.913607568634187572e+00
3.803813040836534043e+00, 5.312027115743820360e+00, 1.189860959448462568e-01, 2.556209001705428974e-01, 4.461602004405009758e+00, 6.833094776524917258e+00
3.790033596201785482e+00, 5.287264851364802176e+00, 1.117285590703587517e-01, 2.437475287467303908e-01, 4.440230001741226395e+00, 6.751459565542897501e+00
3.772963463332871470e+00, 5.239413589090082368e+00, 1.044710221958712326e-01, 2.318741573229178843e-01, 4.417889173443905193e+00, 6.670000108756438451e+00
3.755837576568708869e+00, 5.191348986323455428e+00, 9.717308076944919382e-02, 2.200264147162023232e-01, 4.393928421358485714e+00, 6.589039455685834490e+00
3.738579162570667247e+00, 5.142882964164260606e+00, 8.916541151769516449e-02, 2.086469410566805793e-01, 4.367719812190993700e+00, 6.508768453268731768e+00
3.721109257669362957e+00, 5.093852304155428889e+00, 8.109412299940277347e-02, 1.973110206217606188e-01, 4.337813265285471509e+00, 6.429803959293137083e+00
3.703451145546740708e+00, 5.044254735130633271e+00, 7.302283448111039632e-02, 1.859751001868406584e-01, 4.309912081254766214e+00, 6.350149167559756336e+00
3.685226176813142462e+00, 4.993399371886032334e+00, 6.533973337065739073e-02, 1.743761389239560367e-01, 4.283211451637568778e+00, 6.270118259442399200e+00
3.666719536613319619e+00, 4.941841442674630436e+00, 5.788657416394830946e-02, 1.626245769728025536e-01, 4.258598802483811063e+00, 6.189349448546023424e+00
3.647484408441407755e+00, 4.888136057879548524e+00, 5.043341495723922818e-02, 1.508730150216490984e-01, 4.238324672878764687e+00, 6.107316657435600149e+00
3.631145725904425081e+00, 4.858603107055297521e+00, 4.291943555720964532e-02, 1.391613794148096328e-01, 4.215700493231401502e+00, 6.025945568415879805e+00
3.615829029673367501e+00, 4.838838495744450796e+00, 3.509056647298722242e-02, 1.276567021349177267e-01, 4.189417840807036164e+00, 5.945671170818109807e+00
3.597410549396690360e+00, 4.797512153706009030e+00, 2.726169738876480647e-02, 1.161520248550257928e-01, 4.162251372505932245e+00, 5.865694444284033970e+00
3.576965855140203931e+00, 4.743037376147819728e+00, 1.943282830454238705e-02, 1.046473475751338866e-01, 4.133820146061158773e+00, 5.786157307060912913e+00
3.556319178411366355e+00, 4.688116608325798573e+00, 1.175892328821781345e-02, 9.303938070807211969e-02, 4.103019046296839001e+00, 5.707488018573690702e+00
3.535492529739094891e+00, 4.632795815191461664e+00, 4.123259229982013246e-03, 8.140557544744875251e-02, 4.076174797717073695e+00, 5.627445009164898870e+00
3.514384263289230148e+00, 4.576846494427783796e+00, -3.512404828254000327e-03, 6.977177018682505227e-02, 4.052740689204930469e+00, 5.546275383670954184e+00
3.492948733514465331e+00, 4.520207578874297027e+00, -1.117438214300271390e-02, 5.815586583829106260e-02, 4.029711850815264285e+00, 5.465089580296817573e+00
3.471250769228536814e+00, 4.463148833467371013e+00, -1.881935353679573680e-02, 4.652817462978205143e-02, 3.998974744382138180e+00, 5.386397026998510640e+00
3.448793561226325632e+00, 4.405359610781698798e+00, -2.646432493058875624e-02, 3.490048342127304720e-02, 3.965726483313616768e+00, 5.308765198831491006e+00
3.427852039087595504e+00, 4.364643518126221089e+00, -3.410929632438178261e-02, 2.327279221276403604e-02, 3.932857414863641932e+00, 5.231007982967907921e+00
3.409145966392561178e+00, 4.341191133372337418e+00, -4.181224476544762730e-02, 1.168488361956063724e-02, 3.893831419926199633e+00, 5.156113053755709608e+00
3.387989558066705431e+00, 4.301444175871412590e+00, -4.960891194018550443e-02, 1.583589300144794265e-04, 3.865264749163077607e+00, 5.076758528455803443e+00
3.363633970509992910e+00, 4.241143106455431244e+00, -5.740557911492337462e-02, -1.136816575953168013e-02, 3.830566217887214187e+00, 4.999807007827802074e+00
3.339191966875952655e+00, 4.180639647899131894e+00, -6.512714996069965401e-02, -2.294379207405214394e-02, 3.796600012302202565e+00, 4.922486085581589066e+00
3.314650192998711997e+00, 4.119915386024008974e+00, -7.259431022538335998e-02, -3.468646247025602980e-02, 3.762409480785894544e+00, 4.845337065701600388e+00
3.289853711387663804e+00, 4.059189281202850275e+00, -8.006147049006706595e-02, -4.642913286645991566e-02, 3.726357157309260870e+00, 4.768989222265712868e+00
3.264898053232881736e+00, 3.998333962461155355e+00, -8.754531233498673293e-02, -5.816108689771446599e-02, 3.694023282621869519e+00, 4.691006220067412080e+00
3.241549965156346413e+00, 3.952024751033302863e+00, -9.535484777903302511e-02, -6.967710353256585665e-02, 3.662373618941500375e+00, 4.612763167083889115e+00
3.217036805058535620e+00, 3.898635129356873730e+00, -1.032859997556326292e-01, -8.111150857945978454e-02, 3.629346619291633935e+00, 4.535046150026013301e+00
3.191350155806013333e+00, 3.837519922161051422e+00, -1.112171517322322334e-01, -9.254591362635372631e-02, 3.595640621103171508e+00, 4.457609778557978686e+00
3.170516874013447506e+00, 3.808560076492190749e+00, -1.188423974445372844e-01, -1.041835044053118081e-01, 3.562700752546679617e+00, 4.379881702252800046e+00
3.147822378658483355e+00, 3.768724275771187848e+00, -1.261545576849465722e-01, -1.160233144996895976e-01, 3.532493965897002042e+00, 4.301004465128011489e+00
3.122079782527567016e+00, 3.711368241111314692e+00, -1.334667179253558322e-01, -1.278631245940674011e-01, 3.499852298061223888e+00, 4.223104036302601116e+00
3.095534800010280474e+00, 3.649784619896654814e+00, -1.409493194514838676e-01, -1.395934614832286813e-01, 3.470865104205232754e+00, 4.143924539309045585e+00
3.069149761394308396e+00, 3.590574514946668572e+00, -1.488731020333105559e-01, -1.510314416955035877e-01, 3.442315776778849035e+00, 4.064392457254110802e+00
3.044501168799671476e+00, 3.547500243815937093e+00, -1.569174083707546019e-01, -1.623865254028881433e-01, 3.411008230438019595e+00, 3.985932970552099164e+00
3.016823390011804662e+00, 3.488648517275091621e+00, -1.649617147081986201e-01, -1.737416091102726712e-01, 3.378981143007015575e+00, 3.907779687519707057e+00
2.988621168692175534e+00, 3.427367003596631267e+00, -1.724047865617771014e-01, -1.854989111451488260e-01, 3.348542133348805905e+00, 3.829038388656951675e+00
2.960245623998566611e+00, 3.365934485279467925e+00, -1.798216026829502767e-01, -1.972734442177193626e-01, 3.312904660196526407e+00, 3.752664893325451168e+00
2.931659257937574647e+00, 3.304387849045392400e+00, -1.872384188041234521e-01, -2.090479772902898714e-01, 3.279584989436205689e+00, 3.675390707727767658e+00
2.909211413363175236e+00, 3.283037382939347992e+00, -1.949414494561062805e-01, -2.206344285155800999e-01, 3.254772342489317793e+00, 3.594620947404373545e+00
2.882753939297716617e+00, 3.238578710662148641e+00, -2.028262391508822426e-01, -2.321008392615247218e-01, 3.226408545586903376e+00, 3.515024652360706714e+00
2.853571055907873077e+00, 3.179942568829964955e+00, -2.107213987639568464e-01, -2.435601256763248734e-01, 3.195063336287317313e+00, 3.436553830385905783e+00
2.823666268407599933e+00, 3.118257320745718264e+00, -2.184769021663422739e-01, -2.551100582183324361e-01, 3.161569152188252296e+00, 3.358991132784422629e+00
2.793606796650047741e+00, 3.056358834365278998e+00, -2.257752436364981463e-01, -2.669577681712385631e-01, 3.120739388267439463e+00, 3.285046670691704307e+00
2.763321018198075851e+00, 2.994333024146456523e+00, -2.333006234811363933e-01, -2.786632134274544259e-01, 3.084329206089531983e+00, 3.208866243457874301e+00
2.732713486315076157e+00, 2.932224595238881903e+00, -2.408260033257746402e-01, -2.903686586836702888e-01, 3.051840922342316187e+00, 3.130917176649076428e+00
2.701831655632493945e+00, 2.870017994222605839e+00, -2.487734967927097696e-01, -3.017901748359066993e-01, 3.026246526651626301e+00, 3.050489678377836800e+00
2.670808681608512369e+00, 2.809338442302610872e+00, -2.566101464349042072e-01, -3.132886889436419242e-01, 2.996486336915210824e+00, 2.971426230029484916e+00
2.641743786181129483e+00, 2.761989929239479391e+00, -2.643664419827774226e-01, -3.248424186369658351e-01, 2.962392890936797141e+00, 2.894105150792116721e+00
2.616446800321261978e+00, 2.738809183681851334e+00, -2.718672842042248461e-01, -3.365591305284980628e-01, 2.927407982294824240e+00, 2.817189745202292261e+00
2.585453976884289684e+00, 2.683304518709974218e+00, -2.791261489816405095e-01, -3.484305946036142521e-01, 2.892511404216142168e+00, 2.740231547262150347e+00
2.552957711373406990e+00, 2.620813669029964377e+00, -2.867599430962283757e-01, -3.600656269571763657e-01, 2.857845704514382579e+00, 2.663169147468576359e+00
2.520011081126459107e+00, 2.558423435492819475e+00, -2.944423727127086776e-01, -3.716675684719255579e-01, 2.822919735079296721e+00, 2.586225954590327891e+00
2.486737330545864211e+00, 2.495974170361316524e+00, -3.024623811150733421e-01, -3.830398266328339796e-01, 2.793414659051201898e+00, 2.507197717903651313e+00
2.453282531366832497e+00, 2.433271583679855077e+00, -3.102197026681616787e-01, -3.945907211058122810e-01, 2.764923025980840610e+00, 2.427758403119534947e+00
2.419570089617296471e+00, 2.370423643989602258e+00, -3.178479402581381730e-01, -4.062293972213858462e-01, 2.731211492885474712e+00, 2.350288607426369580e+00
2.385475537009360547e+00, 2.307605733594861430e+00, -3.252687261144209807e-01, -4.180004363824735281e-01, 2.695135004749467988e+00, 2.273872205947914615e+00
2.353426730505355557e+00, 2.259866267899055092e+00, -3.326443745071461788e-01, -4.298000264669490367e-01, 2.658444785987148506e+00, 2.197749557824624667e+00
2.324632268100200960e+00, 2.235383907665818182e+00, -3.403897099882063348e-01, -4.413611063792317046e-01, 2.621850976988976623e+00, 2.121580192229516992e+00
2.289975968016162877e+00, 2.185939876338634846e+00, -3.481816753278254573e-01, -4.528905704353245465e-01, 2.585224331735011649e+00, 2.045429416074619144e+00
2.252650692729472048e+00, 2.124852160927046985e+00, -3.560548145437574807e-01, -4.643649971895858486e-01, 2.552638654285172226e+00, 1.967581136896777494e+00
2.214804266875448402e+00, 2.063975712742494917e+00, -3.636934825803420646e-01, -4.759949595328096805e-01, 2.523158712542535209e+00, 1.888465708198646675e+00
2.176194682512677225e+00, 2.003704740224477199e+00, -3.712032668579333672e-01, -4.877104164405190456e-01, 2.486391869028030222e+00, 1.812382254908181167e+00
2.137215189233897306e+00, 1.943412884103702831e+00, -3.786648255751769443e-01, -4.994566442190229161e-01, 2.446032140852849590e+00, 1.738171025429772421e+00
2.098009520483412604e+00, 1.882862322206648953e+00, -3.861464549210467667e-01, -5.111896326045323180e-01, 2.404111842627563611e+00, 1.664803513587011619e+00
2.058289235025553499e+00, 1.822454774605738237e+00, -3.939928053809083619e-01, -5.226823944533387500e-01, 2.361665179637626899e+00, 1.591752840115171486e+00
2.017621976536605910e+00, 1.762955176209015873e+00, -4.017731428625377355e-01, -5.342197714690933852e-01, 2.318476780543997418e+00, 1.519122494182788330e+00
1.976172830940916114e+00, 1.704144487547240017e+00, -4.095111503490677096e-01, -5.457857574015922975e-01, 2.274871496125934200e+00, 1.446742545186241458e+00
1.934349101790018066e+00, 1.645308172038210559e+00, -4.170459843155367996e-01, -5.574834633091251268e-01, 2.230715388816631339e+00, 1.374698389478089755e+00
1.892276654394599911e+00, 1.586215350932601353e+00, -4.244868300440159947e-01, -5.692425231495312765e-01, 2.184497110578266899e+00, 1.303963933807279485e+00
1.849502553804573735e+00, 1.527766307086191100e+00, -4.320532805263948006e-01, -5.809214622087977009e-01, 2.138749535317455042e+00, 1.232913152645693122e+00
1.805227623711038731e+00, 1.471399040280084280e+00, -4.396274463161536361e-01, -5.925952262564690987e-01, 2.091801116620533918e+00, 1.162651483353618787e+00
1.760277309136552226e+00, 1.415491862507733289e+00, -4.475624066070291729e-01, -6.040269888342426619e-01, 2.043503325179522268e+00, 1.093363031655764317e+00
1.715068251165006830e+00, 1.359305124956487809e+00, -4.552221440841169309e-01, -6.156441788446376240e-01, 1.993204760075450999e+00, 1.025462732870856097e+00
1.669196173774977865e+00, 1.303850643554732569e+00, -4.628366275035806776e-01, -6.272918581288154938e-01, 1.942161321988745692e+00, 9.581165609307232822e-01
1.621345878601664348e+00, 1.252274108852330370e+00, -4.702812833084132893e-01, -6.390473480067625500e-01, 1.890138653423642401e+00, 8.915353053589044618e-01
1.573144810950654060e+00, 1.200554939736731663e+00, -4.777650786945962236e-01, -6.507774731191062756e-01, 1.832880150125991925e+00, 8.294323718867052664e-01
1.524212714929864765e+00, 1.149523221040594345e+00, -4.854263662723041217e-01, -6.623944203559670729e-01, 1.774982095268602178e+00, 7.679261446194497465e-01
1.473969938554467562e+00, 1.101494848214065181e+00, -4.930876538500119644e-01, -6.740113675928279813e-01, 1.714658865759297379e+00, 7.088036741211799496e-01
1.422206040283552353e+00, 1.056950635530260252e+00, -5.010387712935194804e-01, -6.854301554960195997e-01, 1.649624716117299883e+00, 6.549630109250896837e-01
1.370095959330298818e+00, 1.012499334603554679e+00, -5.085412283498927932e-01, -6.971503060312995714e-01, 1.581308671554388035e+00, 6.052497971838285418e-01
1.317303849293739226e+00, 9.701665542916050322e-01, -5.160436854062662171e-01, -7.088704565665795432e-01, 1.510119273943302032e+00, 5.598224905464029844e-01
1.262788615502017153e+00, 9.330423600026334086e-01, -5.234707850805130347e-01, -7.206381140949537079e-01, 1.438873232891889842e+00, 5.154102974209008314e-01
1.207649162573549928e+00, 8.964556610274185822e-01, -5.311254433549986720e-01, -7.322576347339647684e-01, 1.383134243354318782e+00, 4.519070136809462124e-01
1.154677817413501506e+00, 8.522255138628187510e-01, -5.388736243720980701e-01, -7.438168077743951834e-01, 1.330653851879697980e+00, 3.857178514548211812e-01
1.104909298033758480e+00, 7.977234447640754178e-01, -5.466218053891975792e-01, -7.553759808148254873e-01, 1.284967629629286900e+00, 3.146703473511479610e-01
1.054131856565896141e+00, 7.460757398655295525e-01, -5.543630001971979748e-01, -7.669355101296300159e-01, 1.240211766911018421e+00, 2.430467706316406795e-01
1.002566245395101197e+00, 6.950006506527094396e-01, -5.617640750337921096e-01, -7.787199440029853870e-01, 1.194864877651759194e+00, 1.718187583661397733e-01
9.524871128143796994e-01, 6.389032352192809405e-01, -5.691651498703862444e-01, -7.905043778763407580e-01, 1.148883848132151275e+00, 1.010235303618952640e-01
9.058980928272030164e-01, 5.729371055285302772e-01, -5.766938823640521683e-01, -8.022055397652421149e-01, 1.102143751297759211e+00, 3.071969062544816637e-02
8.602035194716082245e-01, 5.035965167068522375e-01, -5.848669281427010258e-01, -8.134683153180288784e-01, 1.055464301192414078e+00, -3.964648056782449359e-02
8.137136195657457272e-01, 4.349333800353627488e-01, -5.930399739213501054e-01, -8.247310908708160859e-01, 1.010278657988167739e+00, -1.110182234744632457e-01
7.663565497328949094e-01, 3.670938578057030832e-01, -6.012144422416317857e-01, -8.359928319871637870e-01, 9.678269846645943808e-01, -1.840746687046772023e-01
7.186491719295552416e-01, 2.989430347823285872e-01, -6.096765583685014311e-01, -8.470359033154426509e-01, 9.251311388569952721e-01, -2.569877757176046162e-01
6.706498593312026912e-01, 2.303650535312606884e-01, -6.183564999540338558e-01, -8.579128240434841235e-01, 8.826351755575324587e-01, -3.300195499056737813e-01
6.234946764812444586e-01, 1.591991467923099812e-01, -6.270364415395662805e-01, -8.687897447715254851e-01, 8.402704623125114569e-01, -4.031085805805787459e-01
5.774813026251437442e-01, 8.487812156828815346e-02, -6.357223199854257212e-01, -8.796619249746255864e-01, 7.976197795608427343e-01, -4.760235180583451409e-01
5.311943639569421949e-01, 1.011776484830680632e-02, -6.440601391488454119e-01, -8.908027443892636565e-01, 7.552662721323883943e-01, -5.491195711407784730e-01
4.846333116988188472e-01, -6.508214507885730360e-02, -6.523769074104306398e-01, -9.019598119312051132e-01, 7.131927037547063364e-01, -6.223527055082626047e-01
4.377979887474292564e-01, -1.407215344892534803e-01, -6.609876462039441236e-01, -9.128895261045691933e-01, 6.708545425094601944e-01, -6.954451338171302455e-01
3.906994467553667749e-01, -2.167837311868969496e-01, -6.699110099722338507e-01, -9.235617684434280772e-01, 6.282670145786160010e-01, -7.683987231841862275e-01
3.433325893472630175e-01, -2.932782179600674222e-01, -6.791730684046669575e-01, -9.339474828650048410e-01, 5.858186123053767957e-01, -8.414226227555055004e-01
2.957045939786571154e-01, -3.701926798278296071e-01, -6.880071037542185852e-01, -9.446952619417205987e-01, 5.430597038458208070e-01, -9.142834909006496424e-01
2.478074271582684507e-01, -4.475378917751910435e-01, -6.967133226224386799e-01, -9.555511609588910327e-01, 5.000136941128610069e-01, -9.869919577579815417e-01
1.996551410496635037e-01, -5.252926206043928570e-01, -7.051585400045707885e-01, -9.666092600954235836e-01, 4.573425141419895645e-01, -1.059921962146187502e+00
1.512538956228884901e-01, -6.034473333761364300e-01, -7.136889187219640496e-01, -9.776023208923203534e-01, 4.146511378483194732e-01, -1.132837121093317245e+00
1.025984550207932749e-01, -6.820106152957873258e-01, -7.223293653599939246e-01, -9.885106421356515405e-01, 3.720582642423432840e-01, -1.205795482632775917e+00
5.367704195784191862e-02, -7.610010018433213119e-01, -7.310429553131743141e-01, -9.993578612896391045e-01, 3.295788962437857794e-01, -1.278807916712261905e+00
4.517113610495930402e-03, -8.403745117161073308e-01, -7.399760991594034332e-01, -1.010023522192599943e+00, 2.869073735326467256e-01, -1.351691985310764066e+00
-4.487532488596231856e-02, -9.201217317231827897e-01, -7.487062618724572571e-01, -1.020860175248592627e+00, 2.440467584958624092e-01, -1.424470777570134850e+00
-9.450214211434863898e-02, -1.000244921003452969e+00, -7.574364245855109701e-01, -1.031696828304585534e+00, 2.009201146362858681e-01, -1.497121887782665306e+00
-1.443662451210496467e-01, -1.080749265453853969e+00, -7.660178605116937378e-01, -1.042649939800985193e+00, 1.575665454526751774e-01, -1.569636136596533449e+00
-1.944552818119587856e-01, -1.161616359311950619e+00, -7.744453050094398661e-01, -1.053723646031952343e+00, 1.135475576041446027e-01, -1.641726300379334313e+00
-2.454242170344903273e-01, -1.241700818929812877e+00, -7.828727495071859943e-01, -1.064797352262919716e+00, 6.712057737122900658e-02, -1.712322942689779914e+00
-2.994009387531001987e-01, -1.317334169729827975e+00, -7.914166114540471808e-01, -1.075779128105807780e+00, 1.927171557779903260e-02, -1.781975520687028247e+00
-3.546790782620948268e-01, -1.391398072312356460e+00, -8.003240491275682711e-01, -1.086470500584234555e+00, -2.855813219423756696e-02, -1.851634901007936485e+00
-4.101180605439729843e-01, -1.465890234942026638e+00, -8.092374581446036830e-01, -1.097156937321864811e+00, -7.619497140334621776e-02, -1.921406898563371435e+00
-4.653844862809672911e-01, -1.541507547303072156e+00, -8.180019261265238928e-01, -1.107961552840327712e+00, -1.239025142696273396e-01, -1.991123356500744235e+00
-5.211549675160396244e-01, -1.617077622201873233e+00, -8.263979240436032381e-01, -1.119059082042875408e+00, -1.719630474380576812e-01, -2.060596730086467154e+00
-5.771799120140317374e-01, -1.692829816863128833e+00, -8.348291336689286357e-01, -1.130129921880312027e+00, -2.197675677418144402e-01, -2.130234974780355728e+00
-6.332046709329560708e-01, -1.769232151696126243e+00, -8.432950640189810221e-01, -1.141173296796415881e+00, -2.668108785020413265e-01, -2.200380302286099710e+00
-6.891484990248945008e-01, -1.846345114232328832e+00, -8.521274361756949745e-01, -1.151926807503978356e+00, -3.136238030704000534e-01, -2.270680007611610041e+00
-7.452040605158655184e-01, -1.923766935868462369e+00, -8.610553722395368759e-01, -1.162600831340144136e+00, -3.604404629093860835e-01, -2.340985450136118473e+00
-8.013601527743751118e-01, -2.001527565311224777e+00, -8.699827529951965621e-01, -1.173274144705727107e+00, -4.073164903545080096e-01, -2.411254224900868159e+00
-8.575031915057191867e-01, -2.079801079736602443e+00, -8.784047311263314395e-01, -1.184352008886653040e+00, -4.543389993788017889e-01, -2.481435570995870865e+00
-9.137960895572150299e-01, -2.158243465264078509e+00, -8.868225804604176199e-01, -1.195433001467562040e+00, -5.014304016928937680e-01, -2.551571429666538382e+00
-9.702169786254920547e-01, -2.236845940911027952e+00, -8.952086623428435752e-01, -1.206538064327069115e+00, -5.485363921544740284e-01, -2.621698220229206289e+00
-1.026683342634437945e+00, -2.315749205975682568e+00, -9.039571063780474924e-01, -1.217358537977601296e+00, -5.954954155980232144e-01, -2.691922940708617151e+00
-1.083270628947032854e+00, -2.394777648643686252e+00, -9.127582367762564486e-01, -1.228137633216352720e+00, -6.423643786719666071e-01, -2.762206253527208499e+00
-1.140026012051801541e+00, -2.473813038224565108e+00, -9.216740384360371241e-01, -1.238821082120761252e+00, -6.889119153679492680e-01, -2.832704950355506401e+00
-1.196874581090082712e+00, -2.552951326541472721e+00, -9.302347766337419888e-01, -1.249788908914922336e+00, -7.354737143998925086e-01, -2.903197131859869717e+00
-1.253795832750062234e+00, -2.632179843076589254e+00, -9.387051897022186120e-01, -1.260829782653070996e+00, -7.822005555599504945e-01, -2.973574407559334887e+00
-1.310869150311740006e+00, -2.711337565124788185e+00, -9.471756027706952352e-01, -1.271870656391219656e+00, -8.289464472614932466e-01, -3.043939716006902607e+00
-1.368068038347895587e+00, -2.790440109746253228e+00, -9.556999634537274302e-01, -1.282867109951629780e+00, -8.759601013351077103e-01, -3.114129223868641994e+00
-1.425340184411768574e+00, -2.869524978363716894e+00, -9.643608535643904967e-01, -1.293759206762775671e+00, -9.233386612178154929e-01, -3.184084540173340194e+00
-1.482687978675078400e+00, -2.948555974383479050e+00, -9.730217436750534521e-01, -1.304651303573921339e+00, -9.703815553720797071e-01, -3.254259731613517559e+00
-1.540160364055330078e+00, -3.027415028937221475e+00, -9.817367581162459444e-01, -1.315499019970921779e+00, -1.017413529258653249e+00, -3.324448418083786994e+00
-1.597728720975767347e+00, -3.106111767810540769e+00, -9.903745225737692337e-01, -1.326409465224379858e+00, -1.064466606311909702e+00, -3.394628774050072906e+00
-1.655304186938489464e+00, -3.184756396395444611e+00, -9.990122870312924119e-01, -1.337319910477837936e+00, -1.111443709859692097e+00, -3.464869050727548139e+00
-1.712957924866940651e+00, -3.263210867529362957e+00, -1.007437579775523950e+00, -1.348391340932448390e+00, -1.158676048036717310e+00, -3.534935820174896381e+00
-1.770732200827677794e+00, -3.341331442906139149e+00, -1.015844687771641830e+00, -1.359479208791393834e+00, -1.205905755135619151e+00, -3.605006103880776358e+00
-1.828463363525543173e+00, -3.419383714897655135e+00, -1.024327778351966201e+00, -1.370510344936794578e+00, -1.253242170616490236e+00, -3.675006262665435397e+00
-1.886206628716652567e+00, -3.497260391235608612e+00, -1.032904785057369379e+00, -1.381466718200923705e+00, -1.300711204600139448e+00, -3.744917406220074962e+00
-1.944065046057179780e+00, -3.574692783181311118e+00, -1.041726758431081645e+00, -1.392228508839014056e+00, -1.348097027851747676e+00, -3.814886215596645425e+00
-2.001859744165907173e+00, -3.651994110082242173e+00, -1.050424455665660561e+00, -1.403091236547465259e+00, -1.395465066215753502e+00, -3.884867245390833723e+00
-2.059586101321243756e+00, -3.729157866357464712e+00, -1.059032200173144700e+00, -1.414022819811302289e+00, -1.442910674008532901e+00, -3.954795035952547000e+00
-2.117400098364640382e+00, -3.805816616930407292e+00, -1.067247314502190125e+00, -1.425254947259522620e+00, -1.490463531449438106e+00, -4.024649739944432980e+00
-2.175136583195230511e+00, -3.882271445291976875e+00, -1.075577102311192412e+00, -1.436401727918352300e+00, -1.537980276021176040e+00, -4.094529757394725245e+00
-2.232760379789332728e+00, -3.958568115633879447e+00, -1.083978197128494747e+00, -1.447495437682134956e+00, -1.585471945885393863e+00, -4.164426222813160550e+00
-2.290382904175469747e+00, -4.034432535625613880e+00, -1.092743506938648190e+00, -1.458303193383606811e+00, -1.633162034294355802e+00, -4.234187209450342770e+00
-2.347930401655707211e+00, -4.109985066646126839e+00, -1.101526114528106115e+00, -1.469097384963151232e+00, -1.680764462306632456e+00, -4.304007925517979061e+00
-2.405335275219578239e+00, -4.185343840631577272e+00, -1.110286972676429507e+00, -1.479909237485143914e+00, -1.728271151639875436e+00, -4.373892692340694666e+00
-2.462644900138738269e+00, -4.260351182947966997e+00, -1.118607629428891581e+00, -1.491061703247559711e+00, -1.775997738915325419e+00, -4.443626204504436572e+00
-2.519871636945791415e+00, -4.334985850944471863e+00, -1.126874334180226978e+00, -1.502255915279078868e+00, -1.823790351063557580e+00, -4.513311314247726358e+00
-2.576931136420863133e+00, -4.409383790319998830e+00, -1.135158384899847883e+00, -1.513437274660030196e+00, -1.871642712536188524e+00, -4.582950081109742335e+00
-2.633822187432697692e+00, -4.483481469815114195e+00, -1.143719477614670632e+00, -1.524405294984903625e+00, -1.919555050078468383e+00, -4.652540235477941266e+00
-2.690599277690994384e+00, -4.557197064375255735e+00, -1.152423554437560282e+00, -1.535262911533372687e+00, -1.967367367970565217e+00, -4.722188157129303399e+00
-2.747184013635244781e+00, -4.630630371076513541e+00, -1.161127631260449711e+00, -1.546120528081841528e+00, -2.014861878330208800e+00, -4.792048064891783810e+00
-2.803220705247776667e+00, -4.704288552373433241e+00, -1.169658306117587587e+00, -1.557110719112261288e+00, -2.062117318290241919e+00, -4.862069593942913492e+00
-2.854956153991266010e+00, -4.764006760296651599e+00, -1.177979970381848318e+00, -1.568264135374791701e+00, -2.109510282422299543e+00, -4.932010891088378202e+00
-2.908938369683867098e+00, -4.839578072534587605e+00, -1.186301634646109049e+00, -1.579417551637322115e+00, -2.157032372087576366e+00, -5.001874384866425771e+00
-2.962484967320147433e+00, -4.915149418704984896e+00, -1.194707044927563855e+00, -1.590506689467942936e+00, -2.204674572750674244e+00, -5.071663501682834863e+00
-3.013340344121544945e+00, -4.979452606776772150e+00, -1.203299022680391461e+00, -1.601453228133076667e+00, -2.251859146685928348e+00, -5.141766507202354397e+00
-3.064797381992896419e+00, -5.051877704383010759e+00, -1.211891000433218846e+00, -1.612399766798210399e+00, -2.302957087722143026e+00, -5.209031257056579989e+00
-3.110779262451558669e+00, -5.130106211394518390e+00, -1.220526319200091248e+00, -1.623311597244558646e+00, -2.350228878685482581e+00, -5.278960894035922280e+00
-3.160116836741610147e+00, -5.205673924387272500e+00, -1.229069848757054828e+00, -1.634294531794608929e+00, -2.395388798151111942e+00, -5.350332732166925176e+00
-3.212681202854975826e+00, -5.269135908445429450e+00, -1.237537823099542411e+00, -1.645337276063463694e+00, -2.435350907786988817e+00, -5.424554724484138113e+00
-3.265543755167249262e+00, -5.334773905397356408e+00, -1.245985192768091387e+00, -1.656395201945989770e+00, -2.473334692904491039e+00, -5.500025871579996561e+00
-3.318630594339909479e+00, -5.405943796364486076e+00, -1.254140342942792197e+00, -1.667668049410258035e+00, -2.513740675365093935e+00, -5.574195423788633086e+00
-3.364627381456436250e+00, -5.479345827436919336e+00, -1.262655489350972049e+00, -1.678674459910490357e+00, -2.562156878455699616e+00, -5.643385030968429916e+00
-3.408696332320433342e+00, -5.544282294128151989e+00, -1.271170635759151901e+00, -1.689680870410722457e+00, -2.614002350284664544e+00, -5.710093985995902344e+00
-3.460559501159682139e+00, -5.615384760522708518e+00, -1.279976701522999694e+00, -1.700454773781153950e+00, -2.653760884071319381e+00, -5.784478970148297705e+00
-3.511488981273813703e+00, -5.687030418716641833e+00, -1.288627792493694413e+00, -1.711352917229393533e+00, -2.692653739408851887e+00, -5.859501896758199102e+00
-3.560466980483636856e+00, -5.747988495113459884e+00, -1.297167626901829740e+00, -1.722340183437780725e+00, -2.736313517573367715e+00, -5.931840380795793344e+00
-3.610048195500025869e+00, -5.817357514315834699e+00, -1.305377615615165299e+00, -1.733573482887690087e+00, -2.780187219625868789e+00, -6.004061082198554722e+00
-3.653643376257910358e+00, -5.889512175811890238e+00, -1.313519739490843330e+00, -1.744857698875915242e+00, -2.825353464180689222e+00, -6.075435568846172529e+00
-3.696203238737184815e+00, -5.956766588114089878e+00, -1.321965808314608637e+00, -1.755917206635150052e+00, -2.866717629023585179e+00, -6.148783139774589124e+00
-3.743508783771003490e+00, -6.023071096668060953e+00, -1.330590571431064850e+00, -1.766835529330736509e+00, -2.902399660937862613e+00, -6.225381313074699108e+00
-3.790625709841773272e+00, -6.089236485160896883e+00, -1.339396152160083675e+00, -1.777610989343055170e+00, -2.943059720581705285e+00, -6.299399838028400644e+00
-3.837149233864586506e+00, -6.159192480289054750e+00, -1.348101118807844889e+00, -1.788467213994501481e+00, -2.987757261281948296e+00, -6.371113373667225410e+00
-3.882461904239415507e+00, -6.222064734187658708e+00, -1.356524841151914851e+00, -1.799540156493360854e+00, -3.029986769545029102e+00, -6.444287005227455012e+00
-3.923590396225536292e+00, -6.284460526041183215e+00, -1.364684821728069819e+00, -1.810812401498200552e+00, -3.071498572562747942e+00, -6.517886161713501991e+00
-3.964623726350803512e+00, -6.358038969250788597e+00, -1.372847576591783136e+00, -1.822082605281207801e+00, -3.103122823354711901e+00, -6.596122111577217950e+00
-4.008537136705406567e+00, -6.425747520077681685e+00, -1.381237045126630036e+00, -1.833183799518674384e+00, -3.140889945948064366e+00, -6.671686336765663583e+00
-4.049087090158547397e+00, -6.485771723221816387e+00, -1.389951313824458357e+00, -1.844033237822770843e+00, -3.181422453884267920e+00, -6.745804845435137587e+00
-4.090579373887718084e+00, -6.552775815414612737e+00, -1.398665582522286677e+00, -1.854882676126867302e+00, -3.221605892324211684e+00, -6.820118645167327465e+00
-4.134901395196464158e+00, -6.622037056000792177e+00, -1.407342165407765799e+00, -1.865761276409630520e+00, -3.259762398799864069e+00, -6.895492720590965519e+00
-4.180173210637909698e+00, -6.689854667242503439e+00, -1.415567108995442247e+00, -1.876986208188126337e+00, -3.295414784395543251e+00, -6.971934673714077491e+00
-4.220528219068365949e+00, -6.748437739991115514e+00, -1.423792052583118695e+00, -1.888211139966622154e+00, -3.326172044732007560e+00, -7.050528251871027052e+00
-4.250134637542698712e+00, -6.813125585599134837e+00, -1.432016996170795364e+00, -1.899436071745118193e+00, -3.362541384466749328e+00, -7.126789002353681290e+00
-4.293344779168728031e+00, -6.881224763083969798e+00, -1.440618808940542062e+00, -1.910372486511131784e+00, -3.399123155736942792e+00, -7.202959366473862701e+00
-4.336300580897212598e+00, -6.948902017648609153e+00, -1.449312549985085630e+00, -1.921238380726647321e+00, -3.436142180651131639e+00, -7.278904608229932904e+00
-4.376344038359346378e+00, -7.015025425174002294e+00, -1.458006291029629198e+00, -1.932104274942162858e+00, -3.475303435928580154e+00, -7.353679141780132156e+00
-4.410082059654611975e+00, -7.066151608684944740e+00, -1.466609023387341892e+00, -1.943040522236561429e+00, -3.511078002157146383e+00, -7.430220955082630141e+00
-4.451895165711259317e+00, -7.133198431258603200e+00, -1.474975153506085102e+00, -1.954160623732888347e+00, -3.537489338505112713e+00, -7.510468580394765503e+00
-4.493456790322136740e+00, -7.199817921348866889e+00, -1.483341283624828311e+00, -1.965280725229215042e+00, -3.571605190057974610e+00, -7.587779096970490578e+00
-4.532731746608676282e+00, -7.263361382110057995e+00, -1.491589221785801112e+00, -1.976487848017040472e+00, -3.605175060201131654e+00, -7.665329917032623896e+00
-4.563426650468070278e+00, -7.327439799597580183e+00, -1.500122492426336329e+00, -1.987477217543859531e+00, -3.637906835434859154e+00, -7.743229032812329216e+00
-4.597795057785315720e+00, -7.381886987564421965e+00, -1.508760831800871394e+00, -1.998387207612723593e+00, -3.670876946827198672e+00, -7.821032082596210522e+00
-4.637057869639683361e+00, -7.447529203183848701e+00, -1.517453791589859158e+00, -2.009253320565075995e+00, -3.707066201267013916e+00, -7.897389482607305666e+00
-4.676021464001485661e+00, -7.512578578979819177e+00, -1.526183201715142657e+00, -2.020089295149295694e+00, -3.738847451046750869e+00, -7.975663725193573583e+00
-4.711004677238475047e+00, -7.574743060367661762e+00, -1.534635061581611337e+00, -2.031144377928268074e+00, -3.769594748956118568e+00, -8.054344164175450516e+00
-4.746534107732562013e+00, -7.634141774925780055e+00, -1.542996764593057790e+00, -2.042265868839272525e+00, -3.795816264942747598e+00, -8.134671477880658585e+00
-4.779683123666233158e+00, -7.684458203400534870e+00, -1.551048174359693110e+00, -2.053615916910628059e+00, -3.825862643206293878e+00, -8.213650304391933332e+00
-4.817125569887793723e+00, -7.747978478870405361e+00, -1.559431514166284893e+00, -2.064719334669510076e+00, -3.856135572711112847e+00, -8.292545921033703138e+00
-4.850986357826122308e+00, -7.808452234362644795e+00, -1.567975027203778904e+00, -2.075703740681239307e+00, -3.885680710280717598e+00, -8.371710598559005234e+00
-4.887320841221144185e+00, -7.870954800819556674e+00, -1.576837200947894368e+00, -2.086432630803791710e+00, -3.916966014267674989e+00, -8.450193457739157310e+00
-4.921038728860885669e+00, -7.931997150214727732e+00, -1.585683786342724444e+00, -2.097174015918886081e+00, -3.944249683867040890e+00, -8.530151063784332521e+00
-4.947468638574861188e+00, -7.977149255030407282e+00, -1.594224124982757340e+00, -2.108160890195308390e+00, -3.968761564373890938e+00, -8.610978714837445480e+00
-4.980242394818945151e+00, -8.036720019900373657e+00, -1.602369344744152269e+00, -2.119442839836818138e+00, -3.993362151240317903e+00, -8.691814936960911453e+00
-5.015121620802264424e+00, -8.098274274991206667e+00, -1.610479148698810814e+00, -2.130751238055370589e+00, -4.018091346521771356e+00, -8.772620254005204288e+00
-5.049986408201280419e+00, -8.159629244524394309e+00, -1.618784107381588289e+00, -2.141914983695383246e+00, -4.044736950288793764e+00, -8.852774079296484189e+00
-5.084636388327570700e+00, -8.220582595279536164e+00, -1.627473374972645770e+00, -2.152782300781665992e+00, -4.080097793373298920e+00, -8.929473089695243004e+00
-5.115563095509429559e+00, -8.272772405333402190e+00, -1.636288840055990068e+00, -2.163549675847887155e+00, -4.119692799719763876e+00, -9.004089788732414945e+00
-5.140846887471743898e+00, -8.325682081588738015e+00, -1.645104305139334366e+00, -2.174317050914108318e+00, -4.163282284571255154e+00, -9.076479326911668366e+00
-5.167940317305712128e+00, -8.386555448267351665e+00, -1.653484708314397533e+00, -2.185422376786365195e+00, -4.206586295132740183e+00, -9.149041482005403125e+00
-5.196270596228680816e+00, -8.452769635261445202e+00, -1.661669579075229830e+00, -2.196676561833752039e+00, -4.252308442938225852e+00, -9.220106732887551004e+00
-5.224433210890913060e+00, -8.518593864421099227e+00, -1.669854449836061905e+00, -2.207930746881138884e+00, -4.301454375186258616e+00, -9.288808630379563169e+00
-5.252411445359957298e+00, -8.583977061300494427e+00, -1.678271173667744698e+00, -2.219006357098227689e+00, -4.356179092105142203e+00, -9.353166236709521186e+00
-5.278269673929258943e+00, -8.638016906502963721e+00, -1.687115050864093080e+00, -2.229750407851470495e+00, -4.415801987601582823e+00, -9.413026720880338871e+00
-5.299099851167943243e+00, -8.663869031272287913e+00, -1.695958928060441684e+00, -2.240494458604713301e+00, -4.478085609213592555e+00, -9.470131740229705386e+00
-5.332344706653072031e+00, -8.696322220725820173e+00, -1.704760813022795585e+00, -2.251272571674274747e+00, -4.543725803264288210e+00, -9.523324330922156022e+00
-5.365382644363471343e+00, -8.728611824094022253e+00, -1.713164063180651286e+00, -2.262363153663318638e+00, -4.612880917169022155e+00, -9.571856655105273504e+00
-5.397400052577183693e+00, -8.756646783847033433e+00, -1.721494541148560486e+00, -2.273509988518044977e+00, -4.685049531377138976e+00, -9.615796255270696591e+00
-5.423055938048263691e+00, -8.768617068297409389e+00, -1.729821022732927149e+00, -2.284659792938215528e+00, -4.759957296467407950e+00, -9.654888064502808120e+00
-5.436298071015843725e+00, -8.757238295671500694e+00, -1.738235935858413628e+00, -2.295739073401743546e+00, -4.837078486298542757e+00, -9.689406810306413931e+00
-5.440384900565256032e+00, -8.731151724166741346e+00, -1.747025537985987587e+00, -2.306527571206873350e+00, -4.916144120918396254e+00, -9.719204114862249000e+00
-5.428456880046044652e+00, -8.679922491958484088e+00, -1.755815140113561768e+00, -2.317316069012003599e+00, -4.996829516158362239e+00, -9.744243329920061925e+00
-5.415585875440008579e+00, -8.625507239508111823e+00, -1.764585171615333348e+00, -2.328120480720557328e+00, -5.078656811649249647e+00, -9.765298719777307568e+00
-5.397043199607238328e+00, -8.589425655173632990e+00, -1.773133040784971914e+00, -2.339099515060535150e+00, -5.161630942340295292e+00, -9.781228855229475272e+00
-5.382278719915750465e+00, -8.562798349203031734e+00, -1.781559361712499623e+00, -2.350174076274355706e+00, -5.245313692221138524e+00, -9.792948794893739262e+00
-5.360887599353286959e+00, -8.504160792830841586e+00, -1.789790619301339314e+00, -2.361393823688055615e+00, -5.329481763223452795e+00, -9.800364700344792013e+00
-5.336773460994433727e+00, -8.442683523762935849e+00, -1.798046816005257398e+00, -2.372593720648539239e+00, -5.413932752297112572e+00, -9.803099252898926252e+00
-5.312837370140413462e+00, -8.381660334506406684e+00, -1.806745964719457920e+00, -2.383455286009967367e+00, -5.498408047178985569e+00, -9.801304720411891935e+00
-5.288858815332284635e+00, -8.323528531091881177e+00, -1.815541879120508684e+00, -2.394238228637632915e+00, -5.582659224871922454e+00, -9.794920808222123298e+00
-5.265867262654477798e+00, -8.264321033766650615e+00, -1.824392749926766699e+00, -2.404976518837813604e+00, -5.666445761883674770e+00, -9.783993299109271291e+00
-5.247211164080041179e+00, -8.202708952890406024e+00, -1.833082157910285837e+00, -2.415843858625234652e+00, -5.749626206156630559e+00, -9.769175684615815314e+00
-5.230349200056893189e+00, -8.158989165669234822e+00, -1.841370900264238664e+00, -2.427018840079080864e+00, -5.831683167837973691e+00, -9.749060568400942373e+00
-5.208651159130361030e+00, -8.104129485673119859e+00, -1.849480772908213666e+00, -2.438327189036857856e+00, -5.912713812821803749e+00, -9.725136410639381168e+00
-5.186011556685312662e+00, -8.047047737409016577e+00, -1.857590645552188446e+00, -2.449635537994634404e+00, -5.992096619754408771e+00, -9.696190745374542175e+00
-5.163547202403781178e+00, -7.990392184911656592e+00, -1.866294225347319813e+00, -2.460491807782687168e+00, -6.069604802203651062e+00, -9.662567085958229995e+00
-5.141333244586092199e+00, -7.934319918916970416e+00, -1.875228401147608137e+00, -2.471160888962521618e+00, -6.144973909392733802e+00, -9.624404579205865673e+00
-5.120149308821832612e+00, -7.878472949048294538e+00, -1.884162576947896461e+00, -2.481829970142355624e+00, -6.217890814887979012e+00, -9.581737277357646576e+00
-5.106394004398084441e+00, -7.819081195937466866e+00, -1.892878394922553831e+00, -2.492670727589421986e+00, -6.287718585286874884e+00, -9.534173329185557932e+00
-5.089764967553430886e+00, -7.780072508643733897e+00, -1.901108545867363331e+00, -2.503891841878029823e+00, -6.354204644781898281e+00, -9.482044468609586829e+00
-5.070371372913069052e+00, -7.734155212012787217e+00, -1.909338696812172831e+00, -2.515112956166638103e+00, -6.416639113673052286e+00, -9.425127118502373946e+00
-5.049442792919010436e+00, -7.681406295401996154e+00, -1.917576223158753868e+00, -2.526328493044803558e+00, -6.474697989730133330e+00, -9.363764926060047955e+00
-5.028784205221817238e+00, -7.629233044638141337e+00, -1.926543367883538860e+00, -2.536967282601514384e+00, -6.527658333962246040e+00, -9.297954593127720102e+00
-5.008415088973266371e+00, -7.577847961647845132e+00, -1.935590968906079290e+00, -2.547540347728963539e+00, -6.575100780909454379e+00, -9.228071475277355162e+00
-4.988487267105926826e+00, -7.529772249869047585e+00, -1.944702724279281369e+00, -2.558049389739977642e+00, -6.616377145927732073e+00, -9.154366080736709321e+00
-4.972406589903810570e+00, -7.496278229041006824e+00, -1.955257240525349216e+00, -2.567118622191725930e+00, -6.650627303518758637e+00, -9.077149487152938789e+00
-4.963604809553039843e+00, -7.472825954030642315e+00, -1.963860951345390626e+00, -2.578047012378597902e+00, -6.677745717459843355e+00, -8.997142879721343078e+00
-4.948736533381098646e+00, -7.438583686346823320e+00, -1.971963511510056000e+00, -2.585452371817626549e+00, -6.697893074345562248e+00, -8.915122913890334289e+00
-4.931546917024408394e+00, -7.398654029868751536e+00, -1.977534695380120056e+00, -2.572700481732690392e+00, -6.709825367163691823e+00, -8.831510070000639701e+00
-4.912192909331829505e+00, -7.349437641525324416e+00, -1.976850964030654634e+00, -2.559857284804829103e+00, -6.713118559007143382e+00, -8.747120577969148769e+00
-4.892737647432868542e+00, -7.300735201720226719e+00, -1.971654369029076648e+00, -2.546948210831769810e+00, -6.707721547237906812e+00, -8.662840383948488210e+00
-4.873325594843880282e+00, -7.252239348925692219e+00, -1.966375914754054044e+00, -2.534072426406243306e+00, -6.693843507844298379e+00, -8.579523768179207366e+00
-4.854054016918824210e+00, -7.204036805392074250e+00, -1.961688320794659823e+00, -2.520983306584396288e+00, -6.671670569536081175e+00, -8.498027781328083563e+00
-4.834917485270665338e+00, -7.156092570887587989e+00, -1.957516710146294692e+00, -2.507707522048226778e+00, -6.641752263306726078e+00, -8.419038538736057120e+00
-4.820237329503257229e+00, -7.105809869771118947e+00, -1.953345099497929560e+00, -2.494431737512056824e+00, -6.605201100131666614e+00, -8.342862409363139164e+00
-4.808380835553737853e+00, -7.056012702408936299e+00, -1.949426941516211986e+00, -2.481080830562620854e+00, -6.562895290381071334e+00, -8.269755495631606834e+00
-4.795562588270951387e+00, -7.026395736033474115e+00, -1.945690534414269646e+00, -2.467676053338775599e+00, -6.514316595405955646e+00, -8.200649971229951873e+00
-4.779488099673564250e+00, -6.987118819484931187e+00, -1.941792997697928680e+00, -2.454317894349730356e+00, -6.461727044263872344e+00, -8.134504554091773088e+00
-4.760816022841506623e+00, -6.940147818787148815e+00, -1.936737882753734041e+00, -2.441379144532782597e+00, -6.409099372592199195e+00, -8.068404520977271233e+00
-4.742770725992898839e+00, -6.893571361471598102e+00, -1.931113768771513195e+00, -2.428650510184694244e+00, -6.358773049251646547e+00, -8.000758306220371097e+00
-4.724685498925951244e+00, -6.847086902441880341e+00, -1.925489654789292349e+00, -2.415921875836605892e+00, -6.320565776448740181e+00, -7.925473268870173449e+00
-4.706063513016270683e+00, -6.800848981063517762e+00, -1.920591667264412328e+00, -2.402914274909671466e+00, -6.285714445031208797e+00, -7.848499822375897494e+00
-4.687516129206972693e+00, -6.754739641354862378e+00, -1.916202680327666164e+00, -2.389708992220726191e+00, -6.246575497751006623e+00, -7.773622838087583808e+00
-4.670474985537553358e+00, -6.707888203869451615e+00, -1.911689277168112211e+00, -2.376545482720152869e+00, -6.206107777956919591e+00, -7.699442165827424134e+00
-4.657201887683345198e+00, -6.658931082704799387e+00, -1.907871263159719222e+00, -2.363177217584883749e+00, -6.165571145065137593e+00, -7.625315348843372476e+00
-4.647114790301764664e+00, -6.634571896695415028e+00, -1.904531027126552978e+00, -2.349668271893412985e+00, -6.134056744035145670e+00, -7.546915186908391249e+00
-4.638752500332672390e+00, -6.628403708695423724e+00, -1.901190791093386956e+00, -2.336159326201942665e+00, -6.098104300763887764e+00, -7.470442352339540015e+00
-4.621861237282554491e+00, -6.596122693141072801e+00, -1.896048024729142245e+00, -2.323292961185623895e+00, -6.059023192572807304e+00, -7.395516963208923045e+00
-4.604220043161892484e+00, -6.557730742317763095e+00, -1.890086015970914302e+00, -2.310719057584752267e+00, -6.019061442319254773e+00, -7.321058405258125568e+00
-4.585696947191949313e+00, -6.512396643757231374e+00, -1.884078862345187400e+00, -2.298166651609431010e+00, -5.979537313954351063e+00, -7.246365774871163623e+00
-4.567825338396495738e+00, -6.467315529237467331e+00, -1.878818915183229965e+00, -2.285302795954506472e+00, -5.937775424072812669e+00, -7.172909253104466920e+00
-4.550170607730851025e+00, -6.422309853649024625e+00, -1.874132457101913785e+00, -2.272199899286043490e+00, -5.891858727130547813e+00, -7.102032402561733626e+00
-4.531705970064291655e+00, -6.377342616696163979e+00, -1.869445999020597826e+00, -2.259097002617580507e+00, -5.848269315115058653e+00, -7.029880142604598703e+00
-4.514302017474076223e+00, -6.331611995030399065e+00, -1.865538810695531735e+00, -2.245759610956754582e+00, -5.809438679285934271e+00, -6.954825898965355080e+00
-4.498099778487280709e+00, -6.285216137756119537e+00, -1.862118675564805148e+00, -2.232271171555238798e+00, -5.775519347974482187e+00, -6.877576485975797738e+00
-4.486628177426802644e+00, -6.236305307940341436e+00, -1.858568638145905672e+00, -2.218815837119530787e+00, -5.746751807697846992e+00, -6.798161888549792309e+00
-4.475279152644804803e+00, -6.191492247727441445e+00, -1.853770938104539079e+00, -2.205787525642247449e+00, -5.713020275994627362e+00, -6.720691919374697676e+00
-4.460941056666401394e+00, -6.166207677481608584e+00, -1.848331858148577034e+00, -2.192978731800319991e+00, -5.676099448386819013e+00, -6.644701958914595252e+00
-4.444374289537934786e+00, -6.130672235565799433e+00, -1.842892778192615211e+00, -2.180169937958392090e+00, -5.639466811172625604e+00, -6.568549537996637433e+00
-4.425893235415329308e+00, -6.085556044967883160e+00, -1.837639095061964101e+00, -2.167285042271182682e+00, -5.602101415611888235e+00, -6.492760856162975713e+00
-4.408550114098286343e+00, -6.039739460200306276e+00, -1.832411016313252095e+00, -2.154388777742164862e+00, -5.568907646480870000e+00, -6.415210811757278364e+00
-4.390926414946232370e+00, -5.994231260936822459e+00, -1.827162619869564297e+00, -2.141500677602026670e+00, -5.535065913768769441e+00, -6.337827648817840220e+00
-4.372057151379359574e+00, -5.950287215761092874e+00, -1.822793009010837295e+00, -2.128314781040382631e+00, -5.493409574727075473e+00, -6.264327047929951320e+00
-4.354064724754415749e+00, -5.914827362241392272e+00, -1.819125064786628831e+00, -2.114891108829677790e+00, -5.445534676029144983e+00, -6.194753067679219960e+00
-4.336835073797368878e+00, -5.886330165084236121e+00, -1.815457120562420368e+00, -2.101467436618972950e+00, -5.405384245322399472e+00, -6.120714305337108030e+00
-4.326287104767676972e+00, -5.865152816582814843e+00, -1.811126966897159019e+00, -2.088253079599958095e+00, -5.372878418686491742e+00, -6.042933965598019874e+00
-4.314618256420049924e+00, -5.823942566524422659e+00, -1.806220690842556431e+00, -2.075231469169134257e+00, -5.348462039034346027e+00, -5.962066270667835788e+00
-4.303058288150388044e+00, -5.793273638193329411e+00, -1.801246401765610461e+00, -2.062235114348211162e+00, -5.315992737537757584e+00, -5.884104215713832353e+00
-4.288892685459600784e+00, -5.756816129178639052e+00, -1.795937370953720746e+00, -2.049374970820069919e+00, -5.279872358119543918e+00, -5.807708444995312469e+00
-4.271741000889480055e+00, -5.713700593700468566e+00, -1.790424092979712833e+00, -2.036597938440300570e+00, -5.244689450562486144e+00, -5.730880787203165738e+00
-4.254001629255566463e+00, -5.667139757012908952e+00, -1.784910815005704920e+00, -2.023820906060531666e+00, -5.210132358304848665e+00, -5.653781339650624460e+00
-4.236769073726139645e+00, -5.619770259795086709e+00, -1.780082508145137243e+00, -2.010787368131548458e+00, -5.172095547714070207e+00, -5.578328773691654696e+00
-4.220249574314808960e+00, -5.572429227472450286e+00, -1.775829903316827219e+00, -1.997537306145783953e+00, -5.128721028128653714e+00, -5.505845870547694254e+00
-4.202769807224755461e+00, -5.524783258773346084e+00, -1.771577298488517416e+00, -1.984287244160019892e+00, -5.089377672928940832e+00, -5.431337617481930558e+00
-4.184469976823916859e+00, -5.476883343403472715e+00, -1.767756403259557407e+00, -1.970911576035405677e+00, -5.056606346410022823e+00, -5.353448398121225971e+00
-4.166102272904771198e+00, -5.428776803050520350e+00, -1.764236737895393148e+00, -1.957448264920503389e+00, -5.026634478317704158e+00, -5.274438468487762322e+00
-4.147813931629474204e+00, -5.381300116397933486e+00, -1.760717072531229110e+00, -1.943984953805600879e+00, -4.994140204819394135e+00, -5.196434583518246164e+00
-4.130344022342697485e+00, -5.338986850333088618e+00, -1.755276240250760678e+00, -1.931256755851987306e+00, -4.961000116166458085e+00, -5.118699354187481454e+00
-4.113726124538666262e+00, -5.301980248882835589e+00, -1.748953000760364196e+00, -1.918860569632046875e+00, -4.927492579578337306e+00, -5.041123070595454614e+00
-4.099134568047021254e+00, -5.280692767762271700e+00, -1.742629761269967936e+00, -1.906464383412106445e+00, -4.894736144586130600e+00, -4.963225412433232897e+00
-4.084669827205840598e+00, -5.267730157273319946e+00, -1.737252129714099480e+00, -1.893669372869277723e+00, -4.856886037574302151e+00, -4.887704032671373433e+00
-4.068381537096373179e+00, -5.232567721923021331e+00, -1.732788089467523163e+00, -1.880489041495245539e+00, -4.812864733930265260e+00, -4.815585313171466986e+00
-4.050968632978807271e+00, -5.187289029481921609e+00, -1.728278386215408746e+00, -1.867324588405446129e+00, -4.766622164510189386e+00, -4.744933996689855604e+00
-4.032060089140586001e+00, -5.139692519549819316e+00, -1.724477531223706173e+00, -1.853965702616277689e+00, -4.731430590199271258e+00, -4.668120063272710674e+00
-4.013048440246014259e+00, -5.091922533564436470e+00, -1.721459439106327594e+00, -1.840381155865525420e+00, -4.697476569112794209e+00, -4.590736734486922543e+00
-3.993461243556046814e+00, -5.042947564838653030e+00, -1.718441346988949237e+00, -1.826796609114773151e+00, -4.663578210987776806e+00, -4.513333147320129690e+00
-3.973828391026733353e+00, -4.993859190660868030e+00, -1.713301155859310754e+00, -1.813976152002765740e+00, -4.629115683060191166e+00, -4.436175854793252604e+00
-3.954108086329971794e+00, -4.944575493238485997e+00, -1.706966620612193619e+00, -1.801585734186752275e+00, -4.595361229915388535e+00, -4.358713161355850296e+00
-3.937509254667502123e+00, -4.914533297235727183e+00, -1.700620235696357563e+00, -1.789201399934522874e+00, -4.556739802707720166e+00, -4.283582668050747166e+00
-3.920998092118750833e+00, -4.885361741490199528e+00, -1.694776891409103259e+00, -1.776587184858433810e+00, -4.513564514643031877e+00, -4.210978800379800546e+00
-3.900978508737190875e+00, -4.835517896413999317e+00, -1.689530302931917971e+00, -1.763698348611377753e+00, -4.463569347175953439e+00, -4.142892371253884320e+00
-3.880873651678760083e+00, -4.785476724325438802e+00, -1.684283714454732683e+00, -1.750809512364321696e+00, -4.419198784398279400e+00, -4.071580407673497604e+00
-3.862213090655013392e+00, -4.737309919807842107e+00, -1.679898063236580308e+00, -1.737644339684803807e+00, -4.385876101124041249e+00, -3.993924997832102530e+00
-3.844831134919044047e+00, -4.696358353512350980e+00, -1.676663468992929396e+00, -1.724109710375831828e+00, -4.349692531405670692e+00, -3.917578057726366580e+00
-3.829256025416534204e+00, -4.685647026683733785e+00, -1.673219755952761068e+00, -1.710627688883515241e+00, -4.312793148638694340e+00, -3.841559448950416567e+00
-3.808888985851219378e+00, -4.647023334010290441e+00, -1.668514092767759527e+00, -1.697583885268619142e+00, -4.275284568749964542e+00, -3.765836688384100128e+00
-3.786968387843710815e+00, -4.599724372425222363e+00, -1.662756218326979729e+00, -1.684915196608123722e+00, -4.237918595933972021e+00, -3.690044872326953218e+00
-3.766379220739061395e+00, -4.560864550696745567e+00, -1.656998343886199709e+00, -1.672246507947628302e+00, -4.199456196997958912e+00, -3.614804088148397820e+00
-3.747148830941072095e+00, -4.530711268081311083e+00, -1.651143044903828239e+00, -1.659623169774480100e+00, -4.159528703208598799e+00, -3.540328668812430468e+00
-3.725413645039872268e+00, -4.486550771379913982e+00, -1.645151553550927570e+00, -1.647063281101120102e+00, -4.119857988898397494e+00, -3.465714459670378389e+00
-3.702894062688220078e+00, -4.438158243887944998e+00, -1.639156819174021340e+00, -1.634504939243904165e+00, -4.079744656828671268e+00, -3.391338803090286458e+00
-3.681654805195358815e+00, -4.386697491360151524e+00, -1.633806679819488794e+00, -1.621701688479807890e+00, -4.039069631287717677e+00, -3.317267452106085202e+00
-3.659829360782350438e+00, -4.334845427397639561e+00, -1.629949897446673734e+00, -1.608331048249022510e+00, -3.998055385809682782e+00, -3.243383495495061553e+00
-3.636432905575417873e+00, -4.282467701100251212e+00, -1.626093115073858897e+00, -1.594960408018237130e+00, -3.955146785533114162e+00, -3.170588433963456687e+00
-3.612697237495947178e+00, -4.229842359438371169e+00, -1.621826069896702638e+00, -1.581727175846063593e+00, -3.911352991599813755e+00, -3.098316589187877224e+00
-3.588390167782635753e+00, -4.177259346387779182e+00, -1.616534529555825328e+00, -1.568856755166309735e+00, -3.867256710220396965e+00, -3.026233187715406281e+00
-3.565346602402911458e+00, -4.134164798120844253e+00, -1.611241184683071204e+00, -1.555987050798670390e+00, -3.822835708190393422e+00, -2.954345711230196070e+00
-3.543282036828591330e+00, -4.097882816071539480e+00, -1.605540481868567682e+00, -1.543309345716083802e+00, -3.777565157632910342e+00, -2.882989984044986187e+00
-3.520449244400792210e+00, -4.058125082988575549e+00, -1.598982955777964454e+00, -1.531035485605123592e+00, -3.730359036616186952e+00, -2.812905434395196469e+00
-3.494683495014777375e+00, -4.004709168469726244e+00, -1.592483371660069258e+00, -1.518731126877669313e+00, -3.681211175476443387e+00, -2.744164628094796221e+00
-3.468589372457838493e+00, -3.950624268569500330e+00, -1.586322165177483257e+00, -1.506272003722686659e+00, -3.631515941943388892e+00, -2.675816526075782242e+00
-3.442232137828710847e+00, -3.895053085211868993e+00, -1.581743445291366790e+00, -1.493131070930193038e+00, -3.580883421703257685e+00, -2.608165169003761275e+00
-3.415447274315697612e+00, -3.838850754458622117e+00, -1.577164725405250101e+00, -1.479990138137699640e+00, -3.529631648166978497e+00, -2.541012771438974305e+00
-3.388142306269628090e+00, -3.782178698765543690e+00, -1.572505487822650760e+00, -1.466879155962980130e+00, -3.475722637190727049e+00, -2.475943996467185659e+00
-3.361027737100279467e+00, -3.730868590872943091e+00, -1.567340374022523575e+00, -1.453958002915958891e+00, -3.419870681644135768e+00, -2.412532323935245859e+00
-3.338538134661597212e+00, -3.709097481001253360e+00, -1.561891688351656482e+00, -1.441153292262748575e+00, -3.363636158107667917e+00, -2.349474065849362248e+00
-3.309214663232199261e+00, -3.650738968353950842e+00, -1.556307727369208305e+00, -1.428415535970845474e+00, -3.305869767450829055e+00, -2.287819703548544581e+00
-3.279193258634478969e+00, -3.591946729662284454e+00, -1.549430913870207815e+00, -1.416317675558677269e+00, -3.246061789364169670e+00, -2.228152656796589692e+00
-3.248690666948635286e+00, -3.531099886634674778e+00, -1.542554100371207104e+00, -1.404219815146508843e+00, -3.185645796682690101e+00, -2.169087461552707374e+00
-3.217540076245557490e+00, -3.468932863564745173e+00, -1.535955772341939030e+00, -1.391968866912794089e+00, -3.124336974601505723e+00, -2.110962020052249866e+00
-3.185685848134060194e+00, -3.405317804552195238e+00, -1.530784404028360246e+00, -1.379062943795147156e+00, -3.063160709046992558e+00, -2.052694718683151454e+00
-3.158673881397902949e+00, -3.376866514168117561e+00, -1.525822373014980249e+00, -1.366061903887716422e+00, -3.000310478164641026e+00, -1.996345500824820762e+00
-3.125370499035062810e+00, -3.316757412592218568e+00, -1.520860342001600030e+00, -1.353060863980285911e+00, -2.936307822317245630e+00, -1.941308253024147445e+00
-3.089320403698857742e+00, -3.249154957358464824e+00, -1.513018225639124470e+00, -1.341650220047434949e+00, -2.874543309010132663e+00, -1.883676899913770519e+00
-3.052132215912577440e+00, -3.178296222645740077e+00, -1.504895403299241652e+00, -1.330351169304692993e+00, -2.809951584218210563e+00, -1.829303692208251952e+00
-3.013435100789266574e+00, -3.104253129631274533e+00, -1.496772580959358834e+00, -1.319052118561951259e+00, -2.746088923108327862e+00, -1.774077769947457250e+00
-2.980068207318891993e+00, -3.068816079792961560e+00, -1.489002439996385263e+00, -1.307521222012747675e+00, -2.683110253098902387e+00, -1.717897114546739656e+00
-2.936402380149989444e+00, -2.985838531044055610e+00, -1.482558893666995559e+00, -1.295194545881932502e+00, -2.615883160211282199e+00, -1.666935368825381847e+00
-2.889453434518761465e+00, -2.898079897023278395e+00, -1.476313181155956000e+00, -1.282759118037190005e+00, -2.554654551647777883e+00, -1.608832039330247099e+00
-2.842642573373785009e+00, -2.818454185128834055e+00, -1.470473629943798377e+00, -1.270161280768716594e+00, -2.487941580315511825e+00, -1.557142453746753974e+00
-2.796287273472746637e+00, -2.761199956707397263e+00, -1.466423343887808040e+00, -1.256847980151776900e+00, -2.425109072966817880e+00, -1.500830313192114129e+00
-2.740803322981737455e+00, -2.669805036276248433e+00, -1.462373057831817924e+00, -1.243534679534837206e+00, -2.358188130241368974e+00, -1.450588014996167407e+00
-2.682194263284255697e+00, -2.574645813842888931e+00, -1.458321035604672300e+00, -1.230227935293664476e+00, -2.295861374772063979e+00, -1.393904433551587552e+00
-2.618575075388530848e+00, -2.473371573463210904e+00, -1.454869793964493896e+00, -1.216746921919535485e+00, -2.226175384791216239e+00, -1.346916448753666229e+00
-2.546810628360248518e+00, -2.361990250668595248e+00, -1.451418552324315714e+00, -1.203265908545407159e+00, -2.165753460125857899e+00, -1.288119745632948066e+00
-2.471649808237304402e+00, -2.247925696098434845e+00, -1.448486648623046769e+00, -1.189683960017699604e+00, -2.093456139544725758e+00, -1.244666012881460171e+00
-2.394031752513283262e+00, -2.133166918043447158e+00, -1.446637219869503888e+00, -1.175891628679672563e+00, -2.034659615355105089e+00, -1.185574824941179495e+00
-2.314241194447991479e+00, -2.016205237562076924e+00, -1.444787791115960784e+00, -1.162099297341645521e+00, -1.966106200566335227e+00, -1.136708242260126678e+00
-2.230787456367208765e+00, -1.897946267336578119e+00, -1.443515628341771384e+00, -1.148254954343278067e+00, -1.895182453810064338e+00, -1.095273098094415420e+00
-2.143745535270846325e+00, -1.776647478213214670e+00, -1.442869907487309256e+00, -1.134354168932717011e+00, -1.840383726127824193e+00, -1.031402324307625795e+00
-2.051609318170653840e+00, -1.652266474762838611e+00, -1.442224186632847127e+00, -1.120453383522156177e+00, -1.766239955389422356e+00, -9.925323428900375555e-01
-1.952376976643660944e+00, -1.524922109904628842e+00, -1.442259260173867963e+00, -1.106546345711157064e+00, -1.693252126950057557e+00, -9.676941999683136286e-01
-1.843559791767572120e+00, -1.393474590210118436e+00, -1.442649564642283888e+00, -1.092636045467298533e+00, -1.652972170235075033e+00, -8.936381788640890278e-01
-1.721509478135608617e+00, -1.255985808768256273e+00, -1.443039869110699813e+00, -1.078725745223440224e+00, -1.584893272402050357e+00, -8.489431246148757548e-01
-1.578035192288083310e+00, -1.110950002421317473e+00, -1.444383331812258531e+00, -1.064881410510783555e+00, -1.512107692380390889e+00, -8.833983151077791085e-01
-1.391494799504880753e+00, -9.574136175775006530e-01, -1.445912959706607381e+00, -1.051049959793046717e+00, -1.469120589699291823e+00, -9.557463251646716174e-01
-9.514020166860776007e-01, -7.605730869330665778e-01, -1.447442587600956232e+00, -1.037218509075309214e+00, -1.447442587600956232e+00, -1.037218509075309214e+00
